nodename,batch,solution,version,git,task,data,timestamp,action,stderr,ret
ip-172-31-21-20,1672267519,data.table,1.14.7,cb8aeff9453acec878e5ab8515cda0d302c943eb,groupby,G1_1e8_1e1_5_0,1672267521.21372,start,,
ip-172-31-21-20,1672267519,data.table,1.14.7,cb8aeff9453acec878e5ab8515cda0d302c943eb,groupby,G1_1e8_1e1_5_0,1672267841.77529,finish,7,1
ip-172-31-21-20,1672267519,duckdb,0.6.1,919cad22e8,groupby,G1_1e8_1e1_5_0,1672267856.79062,start,,
ip-172-31-21-20,1672267519,duckdb,0.6.1,919cad22e8,groupby,G1_1e8_1e1_5_0,1672267996.13512,finish,5,0
ip-172-31-21-20,1672268635,data.table,1.14.7,cb8aeff9453acec878e5ab8515cda0d302c943eb,groupby,G1_1e7_1e2_0_0,1672268636.88056,start,,
ip-172-31-21-20,1672268635,data.table,1.14.7,cb8aeff9453acec878e5ab8515cda0d302c943eb,groupby,G1_1e7_1e2_0_0,1672268657.27546,finish,0,0
ip-172-31-21-20,1672268635,data.table,1.14.7,cb8aeff9453acec878e5ab8515cda0d302c943eb,groupby,G1_1e7_1e1_0_0,1672268672.29086,start,,
ip-172-31-21-20,1672268635,data.table,1.14.7,cb8aeff9453acec878e5ab8515cda0d302c943eb,groupby,G1_1e7_1e1_0_0,1672268721.92396,finish,0,0
ip-172-31-21-20,1672268635,data.table,1.14.7,cb8aeff9453acec878e5ab8515cda0d302c943eb,groupby,G1_1e7_2e0_0_0,1672268736.93924,start,,
ip-172-31-21-20,1672268635,data.table,1.14.7,cb8aeff9453acec878e5ab8515cda0d302c943eb,groupby,G1_1e7_2e0_0_0,1672268909.69822,finish,0,0
ip-172-31-21-20,1672268635,data.table,1.14.7,cb8aeff9453acec878e5ab8515cda0d302c943eb,groupby,G1_1e7_1e2_0_1,1672268924.71345,start,,
ip-172-31-21-20,1672268635,data.table,1.14.7,cb8aeff9453acec878e5ab8515cda0d302c943eb,groupby,G1_1e7_1e2_0_1,1672268941.447,finish,0,0
ip-172-31-21-20,1672268635,data.table,1.14.7,cb8aeff9453acec878e5ab8515cda0d302c943eb,groupby,G1_1e7_1e2_5_0,1672268956.46237,start,,
ip-172-31-21-20,1672268635,data.table,1.14.7,cb8aeff9453acec878e5ab8515cda0d302c943eb,groupby,G1_1e7_1e2_5_0,1672268980.88571,finish,0,0
ip-172-31-21-20,1672268635,data.table,1.14.7,cb8aeff9453acec878e5ab8515cda0d302c943eb,groupby,G1_1e8_1e2_0_0,1672268995.90103,start,,
ip-172-31-21-20,1672268635,data.table,1.14.7,cb8aeff9453acec878e5ab8515cda0d302c943eb,groupby,G1_1e8_1e2_0_0,1672269225.04649,finish,0,0
ip-172-31-21-20,1672268635,data.table,1.14.7,cb8aeff9453acec878e5ab8515cda0d302c943eb,groupby,G1_1e8_1e1_0_0,1672269240.06186,start,,
ip-172-31-21-20,1672268635,data.table,1.14.7,cb8aeff9453acec878e5ab8515cda0d302c943eb,groupby,G1_1e8_1e1_0_0,1672269828.91616,finish,0,0
ip-172-31-21-20,1672268635,data.table,1.14.7,cb8aeff9453acec878e5ab8515cda0d302c943eb,groupby,G1_1e8_2e0_0_0,1672269843.93155,start,,
ip-172-31-21-20,1672268635,data.table,1.14.7,cb8aeff9453acec878e5ab8515cda0d302c943eb,groupby,G1_1e8_2e0_0_0,1672271777.46926,finish,0,0
ip-172-31-21-20,1672268635,data.table,1.14.7,cb8aeff9453acec878e5ab8515cda0d302c943eb,groupby,G1_1e8_1e2_0_1,1672271792.48454,start,,
ip-172-31-21-20,1672268635,data.table,1.14.7,cb8aeff9453acec878e5ab8515cda0d302c943eb,groupby,G1_1e8_1e2_0_1,1672271975.89237,finish,0,0
ip-172-31-21-20,1672268635,duckdb,0.6.1,919cad22e8,groupby,G1_1e7_1e2_0_0,1672271990.9076,start,,
ip-172-31-21-20,1672268635,duckdb,0.6.1,919cad22e8,groupby,G1_1e7_1e2_0_0,1672272022.1543,finish,5,0
ip-172-31-21-20,1672268635,duckdb,0.6.1,919cad22e8,groupby,G1_1e7_1e1_0_0,1672272037.16973,start,,
ip-172-31-21-20,1672268635,duckdb,0.6.1,919cad22e8,groupby,G1_1e7_1e1_0_0,1672272082.63493,finish,5,0
ip-172-31-21-20,1672268635,duckdb,0.6.1,919cad22e8,groupby,G1_1e7_2e0_0_0,1672272097.6503,start,,
ip-172-31-21-20,1672268635,duckdb,0.6.1,919cad22e8,groupby,G1_1e7_2e0_0_0,1672272255.45259,finish,5,0
ip-172-31-21-20,1672268635,duckdb,0.6.1,919cad22e8,groupby,G1_1e7_1e2_0_1,1672272270.46788,start,,
ip-172-31-21-20,1672268635,duckdb,0.6.1,919cad22e8,groupby,G1_1e7_1e2_0_1,1672272301.65383,finish,5,0
ip-172-31-21-20,1672268635,duckdb,0.6.1,919cad22e8,groupby,G1_1e7_1e2_5_0,1672272316.66921,start,,
ip-172-31-21-20,1672268635,duckdb,0.6.1,919cad22e8,groupby,G1_1e7_1e2_5_0,1672272333.66409,finish,5,0
ip-172-31-21-20,1672268635,duckdb,0.6.1,919cad22e8,groupby,G1_1e8_1e2_0_0,1672272348.67932,start,,
ip-172-31-21-20,1672268635,duckdb,0.6.1,919cad22e8,groupby,G1_1e8_1e2_0_0,1672272666.47982,finish,5,0
ip-172-31-21-20,1672268635,duckdb,0.6.1,919cad22e8,groupby,G1_1e8_1e1_0_0,1672272681.49513,start,,
ip-172-31-21-20,1672268635,duckdb,0.6.1,919cad22e8,groupby,G1_1e8_1e1_0_0,1672273255.04993,finish,5,0
ip-172-31-21-20,1672268635,duckdb,0.6.1,919cad22e8,groupby,G1_1e8_2e0_0_0,1672273270.06539,start,,
ip-172-31-21-20,1672268635,duckdb,0.6.1,919cad22e8,groupby,G1_1e8_2e0_0_0,1672274824.31708,finish,5,0
ip-172-31-21-20,1672268635,duckdb,0.6.1,919cad22e8,groupby,G1_1e8_1e2_0_1,1672274839.33254,start,,
ip-172-31-21-20,1672268635,duckdb,0.6.1,919cad22e8,groupby,G1_1e8_1e2_0_1,1672275155.45673,finish,5,0
ip-172-31-21-20,1672276397,data.table,1.14.7,cb8aeff9453acec878e5ab8515cda0d302c943eb,join,J1_1e7_NA_0_0,1672276398.4088,start,,
ip-172-31-21-20,1672276397,data.table,1.14.7,cb8aeff9453acec878e5ab8515cda0d302c943eb,join,J1_1e7_NA_0_0,1672276649.82991,finish,0,0
ip-172-31-21-20,1672276397,data.table,1.14.7,cb8aeff9453acec878e5ab8515cda0d302c943eb,join,J1_1e7_NA_5_0,1672276664.84535,start,,
ip-172-31-21-20,1672276397,data.table,1.14.7,cb8aeff9453acec878e5ab8515cda0d302c943eb,join,J1_1e7_NA_5_0,1672276920.34888,finish,0,0
ip-172-31-21-20,1672276397,data.table,1.14.7,cb8aeff9453acec878e5ab8515cda0d302c943eb,join,J1_1e7_NA_0_1,1672276935.36432,start,,
ip-172-31-21-20,1672276397,data.table,1.14.7,cb8aeff9453acec878e5ab8515cda0d302c943eb,join,J1_1e7_NA_0_1,1672277152.55576,finish,0,0
ip-172-31-21-20,1672276397,data.table,1.14.7,cb8aeff9453acec878e5ab8515cda0d302c943eb,join,J1_1e8_NA_0_0,1672277167.57125,start,,
ip-172-31-21-20,1672276397,data.table,1.14.7,cb8aeff9453acec878e5ab8515cda0d302c943eb,join,J1_1e8_NA_0_0,1672280401.00157,finish,0,0
ip-172-31-21-20,1672276397,data.table,1.14.7,cb8aeff9453acec878e5ab8515cda0d302c943eb,join,J1_1e8_NA_5_0,1672280416.01689,start,,
ip-172-31-21-20,1672276397,data.table,1.14.7,cb8aeff9453acec878e5ab8515cda0d302c943eb,join,J1_1e8_NA_5_0,1672283483.06383,finish,0,0
ip-172-31-21-20,1672276397,data.table,1.14.7,cb8aeff9453acec878e5ab8515cda0d302c943eb,join,J1_1e8_NA_0_1,1672283498.07926,start,,
ip-172-31-21-20,1672276397,data.table,1.14.7,cb8aeff9453acec878e5ab8515cda0d302c943eb,join,J1_1e8_NA_0_1,1672286481.67378,finish,0,0
ip-172-31-21-20,1672276397,duckdb,0.6.1,919cad22e8,join,J1_1e7_NA_0_0,1672286496.68916,start,,
ip-172-31-21-20,1672276397,duckdb,0.6.1,919cad22e8,join,J1_1e7_NA_0_0,1672286515.06025,finish,5,0
ip-172-31-21-20,1672276397,duckdb,0.6.1,919cad22e8,join,J1_1e7_NA_5_0,1672286530.07565,start,,
ip-172-31-21-20,1672276397,duckdb,0.6.1,919cad22e8,join,J1_1e7_NA_5_0,1672286548.48108,finish,5,0
ip-172-31-21-20,1672276397,duckdb,0.6.1,919cad22e8,join,J1_1e7_NA_0_1,1672286563.49642,start,,
ip-172-31-21-20,1672276397,duckdb,0.6.1,919cad22e8,join,J1_1e7_NA_0_1,1672286581.60646,finish,5,0
ip-172-31-21-20,1672276397,duckdb,0.6.1,919cad22e8,join,J1_1e8_NA_0_0,1672286596.62177,start,,
ip-172-31-21-20,1672276397,duckdb,0.6.1,919cad22e8,join,J1_1e8_NA_0_0,1672286758.46043,finish,5,0
ip-172-31-21-20,1672276397,duckdb,0.6.1,919cad22e8,join,J1_1e8_NA_5_0,1672286773.47577,start,,
ip-172-31-21-20,1672276397,duckdb,0.6.1,919cad22e8,join,J1_1e8_NA_5_0,1672286936.87817,finish,5,0
ip-172-31-21-20,1672276397,duckdb,0.6.1,919cad22e8,join,J1_1e8_NA_0_1,1672286951.89337,start,,
ip-172-31-21-20,1672276397,duckdb,0.6.1,919cad22e8,join,J1_1e8_NA_0_1,1672287112.10135,finish,5,0
ip-172-31-21-20,1672341365,dplyr,1.0.10,,groupby,G1_1e7_1e2_0_0,1672341367.28682,start,,
ip-172-31-21-20,1672341365,dplyr,1.0.10,,groupby,G1_1e7_1e2_0_0,1672341852.31701,finish,16,0
ip-172-31-21-20,1672341365,dplyr,1.0.10,,join,J1_1e7_NA_0_0,1672341867.33218,start,,
ip-172-31-21-20,1672341365,dplyr,1.0.10,,join,J1_1e7_NA_0_0,1672342131.81552,finish,0,0
ip-172-31-21-20,1672341365,pandas,1.5.2,8dab54d6573f7186ff0c3b6364d5e4dd635ff3e7,groupby,G1_1e7_1e2_0_0,1672342146.83073,start,,
ip-172-31-21-20,1672341365,pandas,1.5.2,8dab54d6573f7186ff0c3b6364d5e4dd635ff3e7,groupby,G1_1e7_1e2_0_0,1672342235.32272,finish,40000,0
ip-172-31-21-20,1672341365,pandas,1.5.2,8dab54d6573f7186ff0c3b6364d5e4dd635ff3e7,join,J1_1e7_NA_0_0,1672342250.33789,start,,
ip-172-31-21-20,1672341365,pandas,1.5.2,8dab54d6573f7186ff0c3b6364d5e4dd635ff3e7,join,J1_1e7_NA_0_0,1672342496.72098,finish,0,0
ip-172-31-21-20,1672341365,pydatatable,1.1.0a0,9522f0833d3e965656396de4fffebd882d39c25d,groupby,G1_1e7_1e2_0_0,1672342511.73626,start,,
ip-172-31-21-20,1672341365,pydatatable,1.1.0a0,9522f0833d3e965656396de4fffebd882d39c25d,groupby,G1_1e7_1e2_0_0,1672342511.9685,finish,5,0
ip-172-31-21-20,1672341365,pydatatable,1.1.0a0,9522f0833d3e965656396de4fffebd882d39c25d,join,J1_1e7_NA_0_0,1672342526.98387,start,,
ip-172-31-21-20,1672341365,pydatatable,1.1.0a0,9522f0833d3e965656396de4fffebd882d39c25d,join,J1_1e7_NA_0_0,1672342527.21532,finish,5,0
ip-172-31-21-20,1672341365,spark,3.3.1,,groupby,G1_1e7_1e2_0_0,1672342542.23068,start,,
ip-172-31-21-20,1672341365,spark,3.3.1,,groupby,G1_1e7_1e2_0_0,1672342542.46338,finish,5,0
ip-172-31-21-20,1672341365,spark,3.3.1,,join,J1_1e7_NA_0_0,1672342557.4786,start,,
ip-172-31-21-20,1672341365,spark,3.3.1,,join,J1_1e7_NA_0_0,1672342557.69994,finish,5,0
ip-172-31-21-20,1672341365,dask,2022.12.1,495a4bec4d1adfc94960f40c2033f22a04a5b2f3,groupby,G1_1e7_1e2_0_0,1672342572.71524,start,,
ip-172-31-21-20,1672341365,dask,2022.12.1,495a4bec4d1adfc94960f40c2033f22a04a5b2f3,groupby,G1_1e7_1e2_0_0,1672342572.94664,finish,5,0
ip-172-31-21-20,1672341365,dask,2022.12.1,495a4bec4d1adfc94960f40c2033f22a04a5b2f3,join,J1_1e7_NA_0_0,1672342587.96176,start,,
ip-172-31-21-20,1672341365,dask,2022.12.1,495a4bec4d1adfc94960f40c2033f22a04a5b2f3,join,J1_1e7_NA_0_0,1672342588.1782,finish,5,0
ip-172-31-21-20,1672341365,clickhouse,22.12.1.1752,,groupby,G1_1e7_1e2_0_0,1672342603.19346,start,,
ip-172-31-21-20,1672341365,clickhouse,22.12.1.1752,,groupby,G1_1e7_1e2_0_0,1672342774.53224,finish,0,0
ip-172-31-21-20,1672341365,clickhouse,22.12.1.1752,,join,J1_1e7_NA_0_0,1672342789.54763,start,,
ip-172-31-21-20,1672341365,clickhouse,22.12.1.1752,,join,J1_1e7_NA_0_0,1672342812.72549,finish,3,243
ip-172-31-21-20,1672341365,polars,0.15.8,,groupby,G1_1e7_1e2_0_0,1672342827.74077,start,,
ip-172-31-21-20,1672341365,polars,0.15.8,,groupby,G1_1e7_1e2_0_0,1672342827.96594,finish,5,243
ip-172-31-21-20,1672341365,polars,0.15.8,,join,J1_1e7_NA_0_0,1672342842.9813,start,,
ip-172-31-21-20,1672341365,polars,0.15.8,,join,J1_1e7_NA_0_0,1672342843.21363,finish,5,243
ip-172-31-21-20,1672343604,clickhouse,22.12.1.1752,,join,J1_1e7_NA_0_0,1672343605.32945,start,,
ip-172-31-21-20,1672343604,clickhouse,22.12.1.1752,,join,J1_1e7_NA_0_0,1672343788.73784,finish,0,0
ip-172-31-21-20,1672344527,pandas,1.5.2,8dab54d6573f7186ff0c3b6364d5e4dd635ff3e7,join,J1_1e7_NA_0_0,1672344529.35488,start,,
ip-172-31-21-20,1672344527,pandas,1.5.2,8dab54d6573f7186ff0c3b6364d5e4dd635ff3e7,join,J1_1e7_NA_0_0,1672344743.75153,finish,0,0
ip-172-31-21-20,1672344527,pydatatable,1.1.0a0,9522f0833d3e965656396de4fffebd882d39c25d,join,J1_1e7_NA_0_0,1672344758.76694,start,,
ip-172-31-21-20,1672344527,pydatatable,1.1.0a0,9522f0833d3e965656396de4fffebd882d39c25d,join,J1_1e7_NA_0_0,1672345308.73741,finish,0,0
ip-172-31-21-20,1672344527,spark,3.3.1,,join,J1_1e7_NA_0_0,1672345323.75278,start,,
ip-172-31-21-20,1672344527,spark,3.3.1,,join,J1_1e7_NA_0_0,1672345377.81845,finish,84,1
ip-172-31-21-20,1672344527,dask,2022.12.1,495a4bec4d1adfc94960f40c2033f22a04a5b2f3,join,J1_1e7_NA_0_0,1672345392.83371,start,,
ip-172-31-21-20,1672344527,dask,2022.12.1,495a4bec4d1adfc94960f40c2033f22a04a5b2f3,join,J1_1e7_NA_0_0,1672345691.8745,finish,56,1
ip-172-31-21-20,1672344527,polars,0.15.8,,join,J1_1e7_NA_0_0,1672345706.88989,start,,
ip-172-31-21-20,1672344527,polars,0.15.8,,join,J1_1e7_NA_0_0,1672345708.3808,finish,8,1
ip-172-31-21-20,1672352908,clickhouse,22.12.1.1752,,groupby,G1_1e7_1e2_0_0,1672352911.58763,start,,
ip-172-31-21-20,1672352908,clickhouse,22.12.1.1752,,groupby,G1_1e7_1e2_0_0,1672353082.20967,finish,0,0
ip-172-31-21-20,1672352908,clickhouse,22.12.1.1752,,join,J1_1e7_NA_0_0,1672353097.22482,start,,
ip-172-31-21-20,1672352908,clickhouse,22.12.1.1752,,join,J1_1e7_NA_0_0,1672353279.79267,finish,0,0
ip-172-31-21-20,1672352908,pandas,1.5.2,8dab54d6573f7186ff0c3b6364d5e4dd635ff3e7,groupby,G1_1e7_1e2_0_0,1672353294.80798,start,,
ip-172-31-21-20,1672352908,pandas,1.5.2,8dab54d6573f7186ff0c3b6364d5e4dd635ff3e7,groupby,G1_1e7_1e2_0_0,1672353395.39344,finish,40000,0
ip-172-31-21-20,1672352908,pandas,1.5.2,8dab54d6573f7186ff0c3b6364d5e4dd635ff3e7,join,J1_1e7_NA_0_0,1672353410.40866,start,,
ip-172-31-21-20,1672352908,pandas,1.5.2,8dab54d6573f7186ff0c3b6364d5e4dd635ff3e7,join,J1_1e7_NA_0_0,1672353583.76305,finish,0,0
ip-172-31-21-20,1672352908,pydatatable,1.1.0a0,742a8ac0689018436c8f0353d3f9ef1bff3f0406,groupby,G1_1e7_1e2_0_0,1672353598.77842,start,,
ip-172-31-21-20,1672352908,pydatatable,1.1.0a0,742a8ac0689018436c8f0353d3f9ef1bff3f0406,groupby,G1_1e7_1e2_0_0,1672353599.06405,finish,5,1
ip-172-31-21-20,1672352908,pydatatable,1.1.0a0,742a8ac0689018436c8f0353d3f9ef1bff3f0406,join,J1_1e7_NA_0_0,1672353614.07933,start,,
ip-172-31-21-20,1672352908,pydatatable,1.1.0a0,742a8ac0689018436c8f0353d3f9ef1bff3f0406,join,J1_1e7_NA_0_0,1672353614.36899,finish,5,1
ip-172-31-21-20,1672352908,spark,3.3.1,,groupby,G1_1e7_1e2_0_0,1672353629.38432,start,,
ip-172-31-21-20,1672352908,spark,3.3.1,,groupby,G1_1e7_1e2_0_0,1672353697.58744,finish,2,0
ip-172-31-21-20,1672352908,spark,3.3.1,,join,J1_1e7_NA_0_0,1672353712.60266,start,,
ip-172-31-21-20,1672352908,spark,3.3.1,,join,J1_1e7_NA_0_0,1672353794.11648,finish,2,0
ip-172-31-21-20,1672352908,dask,2022.11.1,c2556fb3a574feaeee5be3a8aebae7e229abe28f,groupby,G1_1e7_1e2_0_0,1672353809.13183,start,,
ip-172-31-21-20,1672352908,dask,2022.11.1,c2556fb3a574feaeee5be3a8aebae7e229abe28f,groupby,G1_1e7_1e2_0_0,1672353858.95968,finish,15,1
ip-172-31-21-20,1672352908,dask,2022.11.1,c2556fb3a574feaeee5be3a8aebae7e229abe28f,join,J1_1e7_NA_0_0,1672353873.97509,start,,
ip-172-31-21-20,1672352908,dask,2022.11.1,c2556fb3a574feaeee5be3a8aebae7e229abe28f,join,J1_1e7_NA_0_0,1672354503.46414,finish,4,0
ip-172-31-21-20,1672355819,pydatatable,1.1.0a0,742a8ac0689018436c8f0353d3f9ef1bff3f0406,groupby,G1_1e7_1e2_0_0,1672355820.55195,start,,
ip-172-31-21-20,1672355819,pydatatable,1.1.0a0,742a8ac0689018436c8f0353d3f9ef1bff3f0406,groupby,G1_1e7_1e2_0_0,1672355869.86813,finish,0,0
ip-172-31-21-20,1672355819,pydatatable,1.1.0a0,742a8ac0689018436c8f0353d3f9ef1bff3f0406,join,J1_1e7_NA_0_0,1672355884.88358,start,,
ip-172-31-21-20,1672355819,pydatatable,1.1.0a0,742a8ac0689018436c8f0353d3f9ef1bff3f0406,join,J1_1e7_NA_0_0,1672356168.56171,finish,0,0
ip-172-31-21-20,1672356663,pandas,1.5.2,8dab54d6573f7186ff0c3b6364d5e4dd635ff3e7,groupby,G1_1e7_1e2_0_0,1672356665.08047,start,,
ip-172-31-21-20,1672356663,pandas,1.5.2,8dab54d6573f7186ff0c3b6364d5e4dd635ff3e7,groupby,G1_1e7_1e2_0_0,1672356748.34279,finish,0,0
ip-172-31-21-20,1672357257,dplyr,1.0.10,,groupby,G1_1e7_1e2_0_0,1672357259.43799,start,,
ip-172-31-21-20,1672357257,dplyr,1.0.10,,groupby,G1_1e7_1e2_0_0,1672357761.23707,finish,16,0
ip-172-31-21-20,1672357257,dplyr,1.0.10,,join,J1_1e7_NA_0_0,1672357776.25246,start,,
ip-172-31-21-20,1672357257,dplyr,1.0.10,,join,J1_1e7_NA_0_0,1672358044.41295,finish,0,0
ip-172-31-21-20,1672357257,pandas,1.5.2,8dab54d6573f7186ff0c3b6364d5e4dd635ff3e7,groupby,G1_1e7_1e2_0_0,1672358059.42829,start,,
ip-172-31-21-20,1672357257,pandas,1.5.2,8dab54d6573f7186ff0c3b6364d5e4dd635ff3e7,groupby,G1_1e7_1e2_0_0,1672358152.25958,finish,0,0
ip-172-31-21-20,1672357257,pandas,1.5.2,8dab54d6573f7186ff0c3b6364d5e4dd635ff3e7,join,J1_1e7_NA_0_0,1672358167.27502,start,,
ip-172-31-21-20,1672357257,pandas,1.5.2,8dab54d6573f7186ff0c3b6364d5e4dd635ff3e7,join,J1_1e7_NA_0_0,1672358389.91159,finish,0,0
ip-172-31-21-20,1672357257,pydatatable,1.1.0a0,742a8ac0689018436c8f0353d3f9ef1bff3f0406,groupby,G1_1e7_1e2_0_0,1672358404.927,start,,
ip-172-31-21-20,1672357257,pydatatable,1.1.0a0,742a8ac0689018436c8f0353d3f9ef1bff3f0406,groupby,G1_1e7_1e2_0_0,1672358446.6658,finish,0,0
ip-172-31-21-20,1672357257,pydatatable,1.1.0a0,742a8ac0689018436c8f0353d3f9ef1bff3f0406,join,J1_1e7_NA_0_0,1672358461.68107,start,,
ip-172-31-21-20,1672357257,pydatatable,1.1.0a0,742a8ac0689018436c8f0353d3f9ef1bff3f0406,join,J1_1e7_NA_0_0,1672358737.98063,finish,0,0
ip-172-31-21-20,1672357257,spark,3.3.1,,groupby,G1_1e7_1e2_0_0,1672358752.99583,start,,
ip-172-31-21-20,1672357257,spark,3.3.1,,groupby,G1_1e7_1e2_0_0,1672358817.16148,finish,2,0
ip-172-31-21-20,1672357257,spark,3.3.1,,join,J1_1e7_NA_0_0,1672358832.17686,start,,
ip-172-31-21-20,1672357257,spark,3.3.1,,join,J1_1e7_NA_0_0,1672358906.24179,finish,2,0
ip-172-31-21-20,1672357257,dask,2022.11.1,c2556fb3a574feaeee5be3a8aebae7e229abe28f,groupby,G1_1e7_1e2_0_0,1672358921.25702,start,,
ip-172-31-21-20,1672357257,dask,2022.11.1,c2556fb3a574feaeee5be3a8aebae7e229abe28f,groupby,G1_1e7_1e2_0_0,1672358963.64072,finish,15,1
ip-172-31-21-20,1672357257,dask,2022.11.1,c2556fb3a574feaeee5be3a8aebae7e229abe28f,join,J1_1e7_NA_0_0,1672358978.65526,start,,
ip-172-31-21-20,1672357257,dask,2022.11.1,c2556fb3a574feaeee5be3a8aebae7e229abe28f,join,J1_1e7_NA_0_0,1672359612.93619,finish,0,0
ip-172-31-21-20,1672357257,polars,0.15.7,,groupby,G1_1e7_1e2_0_0,1672359627.95145,start,,
ip-172-31-21-20,1672357257,polars,0.15.7,,groupby,G1_1e7_1e2_0_0,1672359639.65706,finish,0,0
ip-172-31-21-20,1672357257,polars,0.15.7,,join,J1_1e7_NA_0_0,1672359654.67246,start,,
ip-172-31-21-20,1672357257,polars,0.15.7,,join,J1_1e7_NA_0_0,1672359655.97063,finish,8,1
ip-172-31-21-20,1672357257,clickhouse,22.12.1.1752,,groupby,G1_1e7_1e2_0_0,1672359670.98593,start,,
ip-172-31-21-20,1672357257,clickhouse,22.12.1.1752,,groupby,G1_1e7_1e2_0_0,1672359841.44517,finish,0,0
ip-172-31-21-20,1672357257,clickhouse,22.12.1.1752,,join,J1_1e7_NA_0_0,1672359856.46054,start,,
ip-172-31-21-20,1672357257,clickhouse,22.12.1.1752,,join,J1_1e7_NA_0_0,1672360037.9984,finish,0,0
ip-172-31-21-20,1672361057,pandas,1.5.2,8dab54d6573f7186ff0c3b6364d5e4dd635ff3e7,join,J1_1e7_NA_0_0,1672361058.57551,start,,
ip-172-31-21-20,1672361057,pandas,1.5.2,8dab54d6573f7186ff0c3b6364d5e4dd635ff3e7,join,J1_1e7_NA_0_0,1672361341.16603,finish,0,0
ip-172-31-21-20,1672361889,pandas,1.5.2,8dab54d6573f7186ff0c3b6364d5e4dd635ff3e7,join,J1_1e7_NA_5_0,1672361891.46062,start,,
ip-172-31-21-20,1672362175,pandas,1.5.2,8dab54d6573f7186ff0c3b6364d5e4dd635ff3e7,join,J1_1e7_NA_5_0,1672362176.78663,start,,
ip-172-31-21-20,1672362278,pandas,1.5.2,8dab54d6573f7186ff0c3b6364d5e4dd635ff3e7,join,J1_1e7_NA_0_1,1672362280.0539,start,,
ip-172-31-21-20,1672362397,pandas,1.5.2,8dab54d6573f7186ff0c3b6364d5e4dd635ff3e7,join,J1_1e7_NA_0_1,1672362398.56511,start,,
ip-172-31-21-20,1672362397,pandas,1.5.2,8dab54d6573f7186ff0c3b6364d5e4dd635ff3e7,join,J1_1e7_NA_0_1,1672362547.66191,finish,0,0
ip-172-31-21-20,1672363049,dplyr,1.0.10,,groupby,G1_1e7_1e1_0_0,1672363051.54023,start,,
ip-172-31-21-20,1672363049,dplyr,1.0.10,,groupby,G1_1e7_1e1_0_0,1672363724.26186,finish,16,0
ip-172-31-21-20,1672363049,dplyr,1.0.10,,groupby,G1_1e7_2e0_0_0,1672363739.27717,start,,
ip-172-31-21-20,1672363049,dplyr,1.0.10,,groupby,G1_1e7_2e0_0_0,1672365023.6766,finish,16,0
ip-172-31-21-20,1672363049,dplyr,1.0.10,,groupby,G1_1e7_1e2_0_1,1672365038.69196,start,,
ip-172-31-21-20,1672363049,dplyr,1.0.10,,groupby,G1_1e7_1e2_0_1,1672365456.81031,finish,16,0
ip-172-31-21-20,1672363049,dplyr,1.0.10,,groupby,G1_1e7_1e2_5_0,1672365471.8256,start,,
ip-172-31-21-20,1672363049,dplyr,1.0.10,,groupby,G1_1e7_1e2_5_0,1672365963.34316,finish,16,0
ip-172-31-21-20,1672363049,dplyr,1.0.10,,groupby,G1_1e8_1e2_0_0,1672365978.35844,start,,
ip-172-31-21-20,1672363049,dplyr,1.0.10,,groupby,G1_1e8_1e2_0_0,1672372454.51455,finish,16,0
ip-172-31-21-20,1672363049,dplyr,1.0.10,,groupby,G1_1e8_1e1_0_0,1672372469.52999,start,,
ip-172-31-21-20,1672363049,dplyr,1.0.10,,groupby,G1_1e8_1e1_0_0,1672379672.91186,finish,18,0
ip-172-31-21-20,1672363049,dplyr,1.0.10,,groupby,G1_1e8_2e0_0_0,1672379687.92717,start,,
ip-172-31-21-20,1672363049,dplyr,1.0.10,,groupby,G1_1e8_2e0_0_0,1672386889.78938,finish,12,0
ip-172-31-21-20,1672363049,dplyr,1.0.10,,groupby,G1_1e8_1e2_0_1,1672386904.80459,start,,
ip-172-31-21-20,1672363049,dplyr,1.0.10,,groupby,G1_1e8_1e2_0_1,1672391936.77747,finish,16,0
ip-172-31-21-20,1672363049,dplyr,1.0.10,,groupby,G1_1e8_1e2_5_0,1672391951.79269,start,,
ip-172-31-21-20,1672363049,dplyr,1.0.10,,groupby,G1_1e8_1e2_5_0,1672398367.42512,finish,16,0
ip-172-31-21-20,1672363049,dplyr,1.0.10,,join,J1_1e7_NA_5_0,1672398382.44044,start,,
ip-172-31-21-20,1672363049,dplyr,1.0.10,,join,J1_1e7_NA_5_0,1672398655.7143,finish,0,0
ip-172-31-21-20,1672363049,dplyr,1.0.10,,join,J1_1e7_NA_0_1,1672398670.72957,start,,
ip-172-31-21-20,1672363049,dplyr,1.0.10,,join,J1_1e7_NA_0_1,1672398901.05867,finish,0,0
ip-172-31-21-20,1672363049,dplyr,1.0.10,,join,J1_1e8_NA_0_0,1672398916.0739,start,,
ip-172-31-21-20,1672363049,dplyr,1.0.10,,join,J1_1e8_NA_0_0,1672402599.37498,finish,0,0
ip-172-31-21-20,1672363049,dplyr,1.0.10,,join,J1_1e8_NA_5_0,1672402614.39021,start,,
ip-172-31-21-20,1672363049,dplyr,1.0.10,,join,J1_1e8_NA_5_0,1672405988.23554,finish,0,0
ip-172-31-21-20,1672363049,dplyr,1.0.10,,join,J1_1e8_NA_0_1,1672406003.25076,start,,
ip-172-31-21-20,1672363049,dplyr,1.0.10,,join,J1_1e8_NA_0_1,1672409377.83109,finish,0,0
ip-172-31-21-20,1672363049,pandas,1.5.2,8dab54d6573f7186ff0c3b6364d5e4dd635ff3e7,groupby,G1_1e7_1e1_0_0,1672409392.84647,start,,
ip-172-31-21-20,1672363049,pandas,1.5.2,8dab54d6573f7186ff0c3b6364d5e4dd635ff3e7,groupby,G1_1e7_1e1_0_0,1672409510.1283,finish,0,0
ip-172-31-21-20,1672363049,pandas,1.5.2,8dab54d6573f7186ff0c3b6364d5e4dd635ff3e7,groupby,G1_1e7_2e0_0_0,1672409525.14362,start,,
ip-172-31-21-20,1672363049,pandas,1.5.2,8dab54d6573f7186ff0c3b6364d5e4dd635ff3e7,groupby,G1_1e7_2e0_0_0,1672409712.14157,finish,0,0
ip-172-31-21-20,1672363049,pandas,1.5.2,8dab54d6573f7186ff0c3b6364d5e4dd635ff3e7,groupby,G1_1e7_1e2_0_1,1672409727.15685,start,,
ip-172-31-21-20,1672363049,pandas,1.5.2,8dab54d6573f7186ff0c3b6364d5e4dd635ff3e7,groupby,G1_1e7_1e2_0_1,1672409824.04202,finish,0,0
ip-172-31-21-20,1672363049,pandas,1.5.2,8dab54d6573f7186ff0c3b6364d5e4dd635ff3e7,groupby,G1_1e7_1e2_5_0,1672409839.05722,start,,
ip-172-31-21-20,1672363049,pandas,1.5.2,8dab54d6573f7186ff0c3b6364d5e4dd635ff3e7,groupby,G1_1e7_1e2_5_0,1672409839.71495,finish,1,0
ip-172-31-21-20,1672363049,pandas,1.5.2,8dab54d6573f7186ff0c3b6364d5e4dd635ff3e7,groupby,G1_1e8_1e2_0_0,1672409854.73036,start,,
ip-172-31-21-20,1672363049,pandas,1.5.2,8dab54d6573f7186ff0c3b6364d5e4dd635ff3e7,groupby,G1_1e8_1e2_0_0,1672411102.40402,finish,0,0
ip-172-31-21-20,1672363049,pandas,1.5.2,8dab54d6573f7186ff0c3b6364d5e4dd635ff3e7,groupby,G1_1e8_1e1_0_0,1672411117.41943,start,,
ip-172-31-21-20,1672363049,pandas,1.5.2,8dab54d6573f7186ff0c3b6364d5e4dd635ff3e7,groupby,G1_1e8_1e1_0_0,1672412439.54757,finish,0,0
ip-172-31-21-20,1672363049,pandas,1.5.2,8dab54d6573f7186ff0c3b6364d5e4dd635ff3e7,groupby,G1_1e8_2e0_0_0,1672412454.56289,start,,
ip-172-31-21-20,1672363049,pandas,1.5.2,8dab54d6573f7186ff0c3b6364d5e4dd635ff3e7,groupby,G1_1e8_2e0_0_0,1672414936.87977,finish,0,0
ip-172-31-21-20,1672363049,pandas,1.5.2,8dab54d6573f7186ff0c3b6364d5e4dd635ff3e7,groupby,G1_1e8_1e2_0_1,1672414951.89509,start,,
ip-172-31-21-20,1672363049,pandas,1.5.2,8dab54d6573f7186ff0c3b6364d5e4dd635ff3e7,groupby,G1_1e8_1e2_0_1,1672415898.25013,finish,0,0
ip-172-31-21-20,1672363049,pandas,1.5.2,8dab54d6573f7186ff0c3b6364d5e4dd635ff3e7,groupby,G1_1e8_1e2_5_0,1672415913.26554,start,,
ip-172-31-21-20,1672363049,pandas,1.5.2,8dab54d6573f7186ff0c3b6364d5e4dd635ff3e7,groupby,G1_1e8_1e2_5_0,1672415913.92108,finish,1,0
ip-172-31-21-20,1672363049,pandas,1.5.2,8dab54d6573f7186ff0c3b6364d5e4dd635ff3e7,join,J1_1e7_NA_5_0,1672415928.93641,start,,
ip-172-31-21-20,1672363049,pandas,1.5.2,8dab54d6573f7186ff0c3b6364d5e4dd635ff3e7,join,J1_1e7_NA_5_0,1672416122.9312,finish,0,0
ip-172-31-21-20,1672363049,pandas,1.5.2,8dab54d6573f7186ff0c3b6364d5e4dd635ff3e7,join,J1_1e7_NA_0_1,1672416137.94651,start,,
ip-172-31-21-20,1672363049,pandas,1.5.2,8dab54d6573f7186ff0c3b6364d5e4dd635ff3e7,join,J1_1e7_NA_0_1,1672416301.39435,finish,0,0
ip-172-31-21-20,1672363049,pandas,1.5.2,8dab54d6573f7186ff0c3b6364d5e4dd635ff3e7,join,J1_1e8_NA_0_0,1672416316.4097,start,,
ip-172-31-21-20,1672363049,pandas,1.5.2,8dab54d6573f7186ff0c3b6364d5e4dd635ff3e7,join,J1_1e8_NA_0_0,1672419164.08459,finish,0,0
ip-172-31-21-20,1672363049,pandas,1.5.2,8dab54d6573f7186ff0c3b6364d5e4dd635ff3e7,join,J1_1e8_NA_5_0,1672419179.09993,start,,
ip-172-31-21-20,1672363049,pandas,1.5.2,8dab54d6573f7186ff0c3b6364d5e4dd635ff3e7,join,J1_1e8_NA_5_0,1672422730.66632,finish,0,0
ip-172-31-21-20,1672363049,pandas,1.5.2,8dab54d6573f7186ff0c3b6364d5e4dd635ff3e7,join,J1_1e8_NA_0_1,1672422745.68172,start,,
ip-172-31-21-20,1672363049,pandas,1.5.2,8dab54d6573f7186ff0c3b6364d5e4dd635ff3e7,join,J1_1e8_NA_0_1,1672425065.84308,finish,0,0
ip-172-31-21-20,1672363049,pydatatable,1.1.0a0,742a8ac0689018436c8f0353d3f9ef1bff3f0406,groupby,G1_1e7_1e1_0_0,1672425080.85827,start,,
ip-172-31-21-20,1672363049,pydatatable,1.1.0a0,742a8ac0689018436c8f0353d3f9ef1bff3f0406,groupby,G1_1e7_1e1_0_0,1672425127.32701,finish,0,0
ip-172-31-21-20,1672363049,pydatatable,1.1.0a0,742a8ac0689018436c8f0353d3f9ef1bff3f0406,groupby,G1_1e7_2e0_0_0,1672425142.34241,start,,
ip-172-31-21-20,1672363049,pydatatable,1.1.0a0,742a8ac0689018436c8f0353d3f9ef1bff3f0406,groupby,G1_1e7_2e0_0_0,1672425217.84924,finish,0,0
ip-172-31-21-20,1672363049,pydatatable,1.1.0a0,742a8ac0689018436c8f0353d3f9ef1bff3f0406,groupby,G1_1e7_1e2_0_1,1672425232.86458,start,,
ip-172-31-21-20,1672363049,pydatatable,1.1.0a0,742a8ac0689018436c8f0353d3f9ef1bff3f0406,groupby,G1_1e7_1e2_0_1,1672425269.5401,finish,0,0
ip-172-31-21-20,1672363049,pydatatable,1.1.0a0,742a8ac0689018436c8f0353d3f9ef1bff3f0406,groupby,G1_1e7_1e2_5_0,1672425284.55543,start,,
ip-172-31-21-20,1672363049,pydatatable,1.1.0a0,742a8ac0689018436c8f0353d3f9ef1bff3f0406,groupby,G1_1e7_1e2_5_0,1672425345.05103,finish,0,0
ip-172-31-21-20,1672363049,pydatatable,1.1.0a0,742a8ac0689018436c8f0353d3f9ef1bff3f0406,groupby,G1_1e8_1e2_0_0,1672425360.06622,start,,
ip-172-31-21-20,1672363049,pydatatable,1.1.0a0,742a8ac0689018436c8f0353d3f9ef1bff3f0406,groupby,G1_1e8_1e2_0_0,1672425904.25818,finish,0,0
ip-172-31-21-20,1672363049,pydatatable,1.1.0a0,742a8ac0689018436c8f0353d3f9ef1bff3f0406,groupby,G1_1e8_1e1_0_0,1672425919.27352,start,,
ip-172-31-21-20,1672363049,pydatatable,1.1.0a0,742a8ac0689018436c8f0353d3f9ef1bff3f0406,groupby,G1_1e8_1e1_0_0,1672426414.13604,finish,0,0
ip-172-31-21-20,1672363049,pydatatable,1.1.0a0,742a8ac0689018436c8f0353d3f9ef1bff3f0406,groupby,G1_1e8_2e0_0_0,1672426429.15115,start,,
ip-172-31-21-20,1672363049,pydatatable,1.1.0a0,742a8ac0689018436c8f0353d3f9ef1bff3f0406,groupby,G1_1e8_2e0_0_0,1672427226.93002,finish,0,0
ip-172-31-21-20,1672363049,pydatatable,1.1.0a0,742a8ac0689018436c8f0353d3f9ef1bff3f0406,groupby,G1_1e8_1e2_0_1,1672427241.94536,start,,
ip-172-31-21-20,1672363049,pydatatable,1.1.0a0,742a8ac0689018436c8f0353d3f9ef1bff3f0406,groupby,G1_1e8_1e2_0_1,1672427786.99786,finish,0,0
ip-172-31-21-20,1672363049,pydatatable,1.1.0a0,742a8ac0689018436c8f0353d3f9ef1bff3f0406,groupby,G1_1e8_1e2_5_0,1672427802.01315,start,,
ip-172-31-21-20,1672363049,pydatatable,1.1.0a0,742a8ac0689018436c8f0353d3f9ef1bff3f0406,groupby,G1_1e8_1e2_5_0,1672428380.03935,finish,0,0
ip-172-31-21-20,1672363049,pydatatable,1.1.0a0,742a8ac0689018436c8f0353d3f9ef1bff3f0406,join,J1_1e7_NA_5_0,1672428395.05472,start,,
ip-172-31-21-20,1672363049,pydatatable,1.1.0a0,742a8ac0689018436c8f0353d3f9ef1bff3f0406,join,J1_1e7_NA_5_0,1672428571.28282,finish,0,0
ip-172-31-21-20,1672363049,pydatatable,1.1.0a0,742a8ac0689018436c8f0353d3f9ef1bff3f0406,join,J1_1e7_NA_0_1,1672428586.29815,start,,
ip-172-31-21-20,1672363049,pydatatable,1.1.0a0,742a8ac0689018436c8f0353d3f9ef1bff3f0406,join,J1_1e7_NA_0_1,1672428795.19332,finish,0,0
ip-172-31-21-20,1672363049,pydatatable,1.1.0a0,742a8ac0689018436c8f0353d3f9ef1bff3f0406,join,J1_1e8_NA_0_0,1672428810.20868,start,,
ip-172-31-21-20,1672363049,pydatatable,1.1.0a0,742a8ac0689018436c8f0353d3f9ef1bff3f0406,join,J1_1e8_NA_0_0,1672434233.93209,finish,0,0
ip-172-31-21-20,1672363049,pydatatable,1.1.0a0,742a8ac0689018436c8f0353d3f9ef1bff3f0406,join,J1_1e8_NA_5_0,1672434248.9473,start,,
ip-172-31-21-20,1672363049,pydatatable,1.1.0a0,742a8ac0689018436c8f0353d3f9ef1bff3f0406,join,J1_1e8_NA_5_0,1672438116.12055,finish,0,0
ip-172-31-21-20,1672363049,pydatatable,1.1.0a0,742a8ac0689018436c8f0353d3f9ef1bff3f0406,join,J1_1e8_NA_0_1,1672438131.13578,start,,
ip-172-31-21-20,1672363049,pydatatable,1.1.0a0,742a8ac0689018436c8f0353d3f9ef1bff3f0406,join,J1_1e8_NA_0_1,1672441607.01682,finish,0,0
ip-172-31-21-20,1672363049,spark,3.3.1,,groupby,G1_1e7_1e1_0_0,1672441622.03204,start,,
ip-172-31-21-20,1672363049,spark,3.3.1,,groupby,G1_1e7_1e1_0_0,1672441684.47529,finish,2,0
ip-172-31-21-20,1672363049,spark,3.3.1,,groupby,G1_1e7_2e0_0_0,1672441699.49055,start,,
ip-172-31-21-20,1672363049,spark,3.3.1,,groupby,G1_1e7_2e0_0_0,1672441763.48445,finish,2,0
ip-172-31-21-20,1672363049,spark,3.3.1,,groupby,G1_1e7_1e2_0_1,1672441778.49973,start,,
ip-172-31-21-20,1672363049,spark,3.3.1,,groupby,G1_1e7_1e2_0_1,1672441839.0021,finish,2,0
ip-172-31-21-20,1672363049,spark,3.3.1,,groupby,G1_1e7_1e2_5_0,1672441854.01733,start,,
ip-172-31-21-20,1672363049,spark,3.3.1,,groupby,G1_1e7_1e2_5_0,1672441916.98791,finish,2,0
ip-172-31-21-20,1672363049,spark,3.3.1,,groupby,G1_1e8_1e2_0_0,1672441932.00321,start,,
ip-172-31-21-20,1672363049,spark,3.3.1,,groupby,G1_1e8_1e2_0_0,1672442147.79212,finish,2,0
ip-172-31-21-20,1672363049,spark,3.3.1,,groupby,G1_1e8_1e1_0_0,1672442162.80739,start,,
ip-172-31-21-20,1672363049,spark,3.3.1,,groupby,G1_1e8_1e1_0_0,1672442412.01838,finish,2,0
ip-172-31-21-20,1672363049,spark,3.3.1,,groupby,G1_1e8_2e0_0_0,1672442427.03374,start,,
ip-172-31-21-20,1672363049,spark,3.3.1,,groupby,G1_1e8_2e0_0_0,1672442679.82483,finish,2,0
ip-172-31-21-20,1672363049,spark,3.3.1,,groupby,G1_1e8_1e2_0_1,1672442694.84022,start,,
ip-172-31-21-20,1672363049,spark,3.3.1,,groupby,G1_1e8_1e2_0_1,1672442890.98469,finish,2,0
ip-172-31-21-20,1672363049,spark,3.3.1,,groupby,G1_1e8_1e2_5_0,1672442906.00007,start,,
ip-172-31-21-20,1672363049,spark,3.3.1,,groupby,G1_1e8_1e2_5_0,1672443125.69793,finish,2,0
ip-172-31-21-20,1672363049,spark,3.3.1,,join,J1_1e7_NA_5_0,1672443140.70327,start,,
ip-172-31-21-20,1672363049,spark,3.3.1,,join,J1_1e7_NA_5_0,1672443212.80948,finish,2,0
ip-172-31-21-20,1672363049,spark,3.3.1,,join,J1_1e7_NA_0_1,1672443227.82482,start,,
ip-172-31-21-20,1672363049,spark,3.3.1,,join,J1_1e7_NA_0_1,1672443292.79627,finish,2,0
ip-172-31-21-20,1672363049,spark,3.3.1,,join,J1_1e8_NA_0_0,1672443307.81142,start,,
ip-172-31-21-20,1672363049,spark,3.3.1,,join,J1_1e8_NA_0_0,1672443781.87152,finish,2,0
ip-172-31-21-20,1672363049,spark,3.3.1,,join,J1_1e8_NA_5_0,1672443796.88681,start,,
ip-172-31-21-20,1672363049,spark,3.3.1,,join,J1_1e8_NA_5_0,1672444362.97497,finish,2,0
ip-172-31-21-20,1672363049,spark,3.3.1,,join,J1_1e8_NA_0_1,1672444377.99028,start,,
ip-172-31-21-20,1672363049,spark,3.3.1,,join,J1_1e8_NA_0_1,1672444718.32363,finish,2,0
ip-172-31-21-20,1672363049,dask,2022.11.1,c2556fb3a574feaeee5be3a8aebae7e229abe28f,groupby,G1_1e7_1e1_0_0,1672444733.33899,start,,
ip-172-31-21-20,1672363049,dask,2022.11.1,c2556fb3a574feaeee5be3a8aebae7e229abe28f,groupby,G1_1e7_1e1_0_0,1672445045.60377,finish,15,1
ip-172-31-21-20,1672363049,dask,2022.11.1,c2556fb3a574feaeee5be3a8aebae7e229abe28f,groupby,G1_1e7_2e0_0_0,1672445060.61902,start,,
ip-172-31-21-20,1672363049,dask,2022.11.1,c2556fb3a574feaeee5be3a8aebae7e229abe28f,groupby,G1_1e7_2e0_0_0,1672446199.82712,finish,15,1
ip-172-31-21-20,1672363049,dask,2022.11.1,c2556fb3a574feaeee5be3a8aebae7e229abe28f,groupby,G1_1e7_1e2_0_1,1672446214.84245,start,,
ip-172-31-21-20,1672363049,dask,2022.11.1,c2556fb3a574feaeee5be3a8aebae7e229abe28f,groupby,G1_1e7_1e2_0_1,1672446258.77473,finish,15,1
ip-172-31-21-20,1672363049,dask,2022.11.1,c2556fb3a574feaeee5be3a8aebae7e229abe28f,groupby,G1_1e7_1e2_5_0,1672446273.79007,start,,
ip-172-31-21-20,1672363049,dask,2022.11.1,c2556fb3a574feaeee5be3a8aebae7e229abe28f,groupby,G1_1e7_1e2_5_0,1672446276.27534,finish,1,0
ip-172-31-21-20,1672363049,dask,2022.11.1,c2556fb3a574feaeee5be3a8aebae7e229abe28f,groupby,G1_1e8_1e2_0_0,1672446291.29073,start,,
ip-172-31-21-20,1672363049,dask,2022.11.1,c2556fb3a574feaeee5be3a8aebae7e229abe28f,groupby,G1_1e8_1e2_0_0,1672446967.4934,finish,15,1
ip-172-31-21-20,1672363049,dask,2022.11.1,c2556fb3a574feaeee5be3a8aebae7e229abe28f,groupby,G1_1e8_1e1_0_0,1672446982.50881,start,,
ip-172-31-21-20,1672363049,dask,2022.11.1,c2556fb3a574feaeee5be3a8aebae7e229abe28f,groupby,G1_1e8_1e1_0_0,1672451223.23848,finish,15,1
ip-172-31-21-20,1672363049,dask,2022.11.1,c2556fb3a574feaeee5be3a8aebae7e229abe28f,groupby,G1_1e8_2e0_0_0,1672451238.2538,start,,
ip-172-31-21-20,1672363049,dask,2022.11.1,c2556fb3a574feaeee5be3a8aebae7e229abe28f,groupby,G1_1e8_2e0_0_0,1672453440.4396,finish,23,1
ip-172-31-21-20,1672363049,dask,2022.11.1,c2556fb3a574feaeee5be3a8aebae7e229abe28f,groupby,G1_1e8_1e2_0_1,1672453455.455,start,,
ip-172-31-21-20,1672363049,dask,2022.11.1,c2556fb3a574feaeee5be3a8aebae7e229abe28f,groupby,G1_1e8_1e2_0_1,1672454117.47796,finish,15,1
ip-172-31-21-20,1672363049,dask,2022.11.1,c2556fb3a574feaeee5be3a8aebae7e229abe28f,groupby,G1_1e8_1e2_5_0,1672454132.49327,start,,
ip-172-31-21-20,1672363049,dask,2022.11.1,c2556fb3a574feaeee5be3a8aebae7e229abe28f,groupby,G1_1e8_1e2_5_0,1672454134.91802,finish,1,0
ip-172-31-21-20,1672363049,dask,2022.11.1,c2556fb3a574feaeee5be3a8aebae7e229abe28f,join,J1_1e7_NA_5_0,1672454149.93337,start,,
ip-172-31-21-20,1672363049,dask,2022.11.1,c2556fb3a574feaeee5be3a8aebae7e229abe28f,join,J1_1e7_NA_5_0,1672454150.91912,finish,1,0
ip-172-31-21-20,1672363049,dask,2022.11.1,c2556fb3a574feaeee5be3a8aebae7e229abe28f,join,J1_1e7_NA_0_1,1672454165.93452,start,,
ip-172-31-21-20,1672363049,dask,2022.11.1,c2556fb3a574feaeee5be3a8aebae7e229abe28f,join,J1_1e7_NA_0_1,1672454166.91796,finish,1,0
ip-172-31-21-20,1672363049,dask,2022.11.1,c2556fb3a574feaeee5be3a8aebae7e229abe28f,join,J1_1e8_NA_0_0,1672454181.93321,start,,
ip-172-31-21-20,1672363049,dask,2022.11.1,c2556fb3a574feaeee5be3a8aebae7e229abe28f,join,J1_1e8_NA_0_0,1672462970.23079,finish,1,137
ip-172-31-21-20,1672363049,dask,2022.11.1,c2556fb3a574feaeee5be3a8aebae7e229abe28f,join,J1_1e8_NA_5_0,1672462985.246,start,,
ip-172-31-21-20,1672363049,dask,2022.11.1,c2556fb3a574feaeee5be3a8aebae7e229abe28f,join,J1_1e8_NA_5_0,1672462988.67943,finish,1,0
ip-172-31-21-20,1672363049,dask,2022.11.1,c2556fb3a574feaeee5be3a8aebae7e229abe28f,join,J1_1e8_NA_0_1,1672463003.69478,start,,
ip-172-31-21-20,1672363049,dask,2022.11.1,c2556fb3a574feaeee5be3a8aebae7e229abe28f,join,J1_1e8_NA_0_1,1672463004.68053,finish,1,0
ip-172-31-21-20,1672363049,polars,0.15.7,,groupby,G1_1e7_1e1_0_0,1672463019.69582,start,,
ip-172-31-21-20,1672363049,polars,0.15.7,,groupby,G1_1e7_1e1_0_0,1672463037.982,finish,0,0
ip-172-31-21-20,1672363049,polars,0.15.7,,groupby,G1_1e7_2e0_0_0,1672463052.99746,start,,
ip-172-31-21-20,1672363049,polars,0.15.7,,groupby,G1_1e7_2e0_0_0,1672463083.80115,finish,0,0
ip-172-31-21-20,1672363049,polars,0.15.7,,groupby,G1_1e7_1e2_0_1,1672463098.81657,start,,
ip-172-31-21-20,1672363049,polars,0.15.7,,groupby,G1_1e7_1e2_0_1,1672463109.49476,finish,0,0
ip-172-31-21-20,1672363049,polars,0.15.7,,groupby,G1_1e7_1e2_5_0,1672463124.51015,start,,
ip-172-31-21-20,1672363049,polars,0.15.7,,groupby,G1_1e7_1e2_5_0,1672463138.24211,finish,0,0
ip-172-31-21-20,1672363049,polars,0.15.7,,groupby,G1_1e8_1e2_0_0,1672463153.25752,start,,
ip-172-31-21-20,1672363049,polars,0.15.7,,groupby,G1_1e8_1e2_0_0,1672463301.20721,finish,0,0
ip-172-31-21-20,1672363049,polars,0.15.7,,groupby,G1_1e8_1e1_0_0,1672463316.22259,start,,
ip-172-31-21-20,1672363049,polars,0.15.7,,groupby,G1_1e8_1e1_0_0,1672463535.64267,finish,0,0
ip-172-31-21-20,1672363049,polars,0.15.7,,groupby,G1_1e8_2e0_0_0,1672463550.65796,start,,
ip-172-31-21-20,1672363049,polars,0.15.7,,groupby,G1_1e8_2e0_0_0,1672463915.5405,finish,0,0
ip-172-31-21-20,1672363049,polars,0.15.7,,groupby,G1_1e8_1e2_0_1,1672463930.55571,start,,
ip-172-31-21-20,1672363049,polars,0.15.7,,groupby,G1_1e8_1e2_0_1,1672464071.07585,finish,0,0
ip-172-31-21-20,1672363049,polars,0.15.7,,groupby,G1_1e8_1e2_5_0,1672464086.09123,start,,
ip-172-31-21-20,1672363049,polars,0.15.7,,groupby,G1_1e8_1e2_5_0,1672464257.72904,finish,0,0
ip-172-31-21-20,1672363049,polars,0.15.7,,join,J1_1e7_NA_5_0,1672464272.74445,start,,
ip-172-31-21-20,1672363049,polars,0.15.7,,join,J1_1e7_NA_5_0,1672464295.80333,finish,0,0
ip-172-31-21-20,1672363049,polars,0.15.7,,join,J1_1e7_NA_0_1,1672464310.81858,start,,
ip-172-31-21-20,1672363049,polars,0.15.7,,join,J1_1e7_NA_0_1,1672464332.57277,finish,0,0
ip-172-31-21-20,1672363049,polars,0.15.7,,join,J1_1e8_NA_0_0,1672464347.58805,start,,
ip-172-31-21-20,1672363049,polars,0.15.7,,join,J1_1e8_NA_0_0,1672464634.25484,finish,0,0
ip-172-31-21-20,1672363049,polars,0.15.7,,join,J1_1e8_NA_5_0,1672464649.27014,start,,
ip-172-31-21-20,1672363049,polars,0.15.7,,join,J1_1e8_NA_5_0,1672464954.99674,finish,0,0
ip-172-31-21-20,1672363049,polars,0.15.7,,join,J1_1e8_NA_0_1,1672464970.01214,start,,
ip-172-31-21-20,1672363049,polars,0.15.7,,join,J1_1e8_NA_0_1,1672465247.12931,finish,0,0
ip-172-31-21-20,1672363049,clickhouse,22.12.1.1752,,groupby,G1_1e7_1e1_0_0,1672465262.14457,start,,
ip-172-31-21-20,1672363049,clickhouse,22.12.1.1752,,groupby,G1_1e7_1e1_0_0,1672465437.40749,finish,0,0
ip-172-31-21-20,1672363049,clickhouse,22.12.1.1752,,groupby,G1_1e7_2e0_0_0,1672465452.42273,start,,
ip-172-31-21-20,1672363049,clickhouse,22.12.1.1752,,groupby,G1_1e7_2e0_0_0,1672465622.90083,finish,0,0
ip-172-31-21-20,1672363049,clickhouse,22.12.1.1752,,groupby,G1_1e7_1e2_0_1,1672465637.91617,start,,
ip-172-31-21-20,1672363049,clickhouse,22.12.1.1752,,groupby,G1_1e7_1e2_0_1,1672465807.40396,finish,0,0
ip-172-31-21-20,1672363049,clickhouse,22.12.1.1752,,groupby,G1_1e7_1e2_5_0,1672465822.41932,start,,
ip-172-31-21-20,1672363049,clickhouse,22.12.1.1752,,groupby,G1_1e7_1e2_5_0,1672465992.87402,finish,0,0
ip-172-31-21-20,1672363049,clickhouse,22.12.1.1752,,groupby,G1_1e8_1e2_0_0,1672466007.88941,start,,
ip-172-31-21-20,1672363049,clickhouse,22.12.1.1752,,groupby,G1_1e8_1e2_0_0,1672466278.64715,finish,0,0
ip-172-31-21-20,1672363049,clickhouse,22.12.1.1752,,groupby,G1_1e8_1e1_0_0,1672466293.66247,start,,
ip-172-31-21-20,1672363049,clickhouse,22.12.1.1752,,groupby,G1_1e8_1e1_0_0,1672466576.5114,finish,0,0
ip-172-31-21-20,1672363049,clickhouse,22.12.1.1752,,groupby,G1_1e8_2e0_0_0,1672466591.52674,start,,
ip-172-31-21-20,1672363049,clickhouse,22.12.1.1752,,groupby,G1_1e8_2e0_0_0,1672466882.3272,finish,0,0
ip-172-31-21-20,1672363049,clickhouse,22.12.1.1752,,groupby,G1_1e8_1e2_0_1,1672466897.34254,start,,
ip-172-31-21-20,1672363049,clickhouse,22.12.1.1752,,groupby,G1_1e8_1e2_0_1,1672467162.21096,finish,0,0
ip-172-31-21-20,1672363049,clickhouse,22.12.1.1752,,groupby,G1_1e8_1e2_5_0,1672467177.22629,start,,
ip-172-31-21-20,1672363049,clickhouse,22.12.1.1752,,groupby,G1_1e8_1e2_5_0,1672467463.14057,finish,0,0
ip-172-31-21-20,1672363049,clickhouse,22.12.1.1752,,join,J1_1e7_NA_5_0,1672467478.15586,start,,
ip-172-31-21-20,1672363049,clickhouse,22.12.1.1752,,join,J1_1e7_NA_5_0,1672467660.71357,finish,0,0
ip-172-31-21-20,1672363049,clickhouse,22.12.1.1752,,join,J1_1e7_NA_0_1,1672467675.72892,start,,
ip-172-31-21-20,1672363049,clickhouse,22.12.1.1752,,join,J1_1e7_NA_0_1,1672467857.18709,finish,0,0
ip-172-31-21-20,1672363049,clickhouse,22.12.1.1752,,join,J1_1e8_NA_0_0,1672467872.20251,start,,
ip-172-31-21-20,1672363049,clickhouse,22.12.1.1752,,join,J1_1e8_NA_0_0,1672468284.51302,finish,0,0
ip-172-31-21-20,1672363049,clickhouse,22.12.1.1752,,join,J1_1e8_NA_5_0,1672468299.52837,start,,
ip-172-31-21-20,1672363049,clickhouse,22.12.1.1752,,join,J1_1e8_NA_5_0,1672468707.67134,finish,0,0
ip-172-31-21-20,1672363049,clickhouse,22.12.1.1752,,join,J1_1e8_NA_0_1,1672468722.68662,start,,
ip-172-31-21-20,1672363049,clickhouse,22.12.1.1752,,join,J1_1e8_NA_0_1,1672469122.21147,finish,0,0
ip-172-31-21-20,1672515467,duckdb,0.6.1,919cad22e8,groupby,G1_1e7_1e1_0_0,1672515469.02425,start,,
ip-172-31-21-20,1672515467,duckdb,0.6.1,919cad22e8,groupby,G1_1e7_1e1_0_0,1672515515.22754,finish,5,0
ip-172-31-21-20,1672515467,duckdb,0.6.1,919cad22e8,groupby,G1_1e7_2e0_0_0,1672515530.24285,start,,
ip-172-31-21-20,1672515467,duckdb,0.6.1,919cad22e8,groupby,G1_1e7_2e0_0_0,1672515683.08819,finish,5,0
ip-172-31-21-20,1672515467,duckdb,0.6.1,919cad22e8,groupby,G1_1e7_1e2_0_1,1672515698.10358,start,,
ip-172-31-21-20,1672515467,duckdb,0.6.1,919cad22e8,groupby,G1_1e7_1e2_0_1,1672515729.30585,finish,5,0
ip-172-31-21-20,1672515467,duckdb,0.6.1,919cad22e8,groupby,G1_1e7_1e2_5_0,1672515744.32115,start,,
ip-172-31-21-20,1672515467,duckdb,0.6.1,919cad22e8,groupby,G1_1e7_1e2_5_0,1672515761.57047,finish,5,0
ip-172-31-21-20,1672515467,duckdb,0.6.1,919cad22e8,groupby,G1_1e8_1e2_0_0,1672515776.58568,start,,
ip-172-31-21-20,1672515467,duckdb,0.6.1,919cad22e8,groupby,G1_1e8_1e2_0_0,1672516104.68975,finish,5,0
ip-172-31-21-20,1672515467,duckdb,0.6.1,919cad22e8,groupby,G1_1e8_1e1_0_0,1672516119.70501,start,,
ip-172-31-21-20,1672515467,duckdb,0.6.1,919cad22e8,groupby,G1_1e8_1e1_0_0,1672516707.3576,finish,5,0
ip-172-31-21-20,1672515467,duckdb,0.6.1,919cad22e8,groupby,G1_1e8_2e0_0_0,1672516722.37299,start,,
ip-172-31-21-20,1672515467,duckdb,0.6.1,919cad22e8,groupby,G1_1e8_2e0_0_0,1672518271.77979,finish,5,0
ip-172-31-21-20,1672515467,duckdb,0.6.1,919cad22e8,groupby,G1_1e8_1e2_0_1,1672518286.7951,start,,
ip-172-31-21-20,1672515467,duckdb,0.6.1,919cad22e8,groupby,G1_1e8_1e2_0_1,1672518605.43776,finish,5,0
ip-172-31-21-20,1672515467,duckdb,0.6.1,919cad22e8,groupby,G1_1e8_1e2_5_0,1672518620.453,start,,
ip-172-31-21-20,1672515467,duckdb,0.6.1,919cad22e8,groupby,G1_1e8_1e2_5_0,1672518756.76035,finish,5,0
ip-172-31-21-20,1672515467,duckdb,0.6.1,919cad22e8,join,J1_1e7_NA_5_0,1672518771.77558,start,,
ip-172-31-21-20,1672515467,duckdb,0.6.1,919cad22e8,join,J1_1e7_NA_5_0,1672518790.12464,finish,5,0
ip-172-31-21-20,1672515467,duckdb,0.6.1,919cad22e8,join,J1_1e7_NA_0_1,1672518805.14001,start,,
ip-172-31-21-20,1672515467,duckdb,0.6.1,919cad22e8,join,J1_1e7_NA_0_1,1672518823.19678,finish,5,0
ip-172-31-21-20,1672515467,duckdb,0.6.1,919cad22e8,join,J1_1e8_NA_0_0,1672518838.21212,start,,
ip-172-31-21-20,1672515467,duckdb,0.6.1,919cad22e8,join,J1_1e8_NA_0_0,1672518998.88681,finish,5,0
ip-172-31-21-20,1672515467,duckdb,0.6.1,919cad22e8,join,J1_1e8_NA_5_0,1672519013.90209,start,,
ip-172-31-21-20,1672515467,duckdb,0.6.1,919cad22e8,join,J1_1e8_NA_5_0,1672519176.67836,finish,5,0
ip-172-31-21-20,1672515467,duckdb,0.6.1,919cad22e8,join,J1_1e8_NA_0_1,1672519191.69357,start,,
ip-172-31-21-20,1672515467,duckdb,0.6.1,919cad22e8,join,J1_1e8_NA_0_1,1672519351.03435,finish,5,0
ip-172-31-21-20,1672515467,data.table,1.14.7,cb8aeff9453acec878e5ab8515cda0d302c943eb,groupby,G1_1e7_1e1_0_0,1672519366.04959,start,,
ip-172-31-21-20,1672515467,data.table,1.14.7,cb8aeff9453acec878e5ab8515cda0d302c943eb,groupby,G1_1e7_1e1_0_0,1672519419.11676,finish,0,0
ip-172-31-21-20,1672515467,data.table,1.14.7,cb8aeff9453acec878e5ab8515cda0d302c943eb,groupby,G1_1e7_2e0_0_0,1672519434.13214,start,,
ip-172-31-21-20,1672515467,data.table,1.14.7,cb8aeff9453acec878e5ab8515cda0d302c943eb,groupby,G1_1e7_2e0_0_0,1672519610.73379,finish,0,0
ip-172-31-21-20,1672515467,data.table,1.14.7,cb8aeff9453acec878e5ab8515cda0d302c943eb,groupby,G1_1e7_1e2_0_1,1672519625.7492,start,,
ip-172-31-21-20,1672515467,data.table,1.14.7,cb8aeff9453acec878e5ab8515cda0d302c943eb,groupby,G1_1e7_1e2_0_1,1672519642.34862,finish,0,0
ip-172-31-21-20,1672515467,data.table,1.14.7,cb8aeff9453acec878e5ab8515cda0d302c943eb,groupby,G1_1e7_1e2_5_0,1672519657.364,start,,
ip-172-31-21-20,1672515467,data.table,1.14.7,cb8aeff9453acec878e5ab8515cda0d302c943eb,groupby,G1_1e7_1e2_5_0,1672519682.0676,finish,0,0
ip-172-31-21-20,1672515467,data.table,1.14.7,cb8aeff9453acec878e5ab8515cda0d302c943eb,groupby,G1_1e8_1e2_0_0,1672519697.08305,start,,
ip-172-31-21-20,1672515467,data.table,1.14.7,cb8aeff9453acec878e5ab8515cda0d302c943eb,groupby,G1_1e8_1e2_0_0,1672519936.98289,finish,0,0
ip-172-31-21-20,1672515467,data.table,1.14.7,cb8aeff9453acec878e5ab8515cda0d302c943eb,groupby,G1_1e8_1e1_0_0,1672519951.99815,start,,
ip-172-31-21-20,1672515467,data.table,1.14.7,cb8aeff9453acec878e5ab8515cda0d302c943eb,groupby,G1_1e8_1e1_0_0,1672520558.95967,finish,0,0
ip-172-31-21-20,1672515467,data.table,1.14.7,cb8aeff9453acec878e5ab8515cda0d302c943eb,groupby,G1_1e8_2e0_0_0,1672520573.97502,start,,
ip-172-31-21-20,1672515467,data.table,1.14.7,cb8aeff9453acec878e5ab8515cda0d302c943eb,groupby,G1_1e8_2e0_0_0,1672522515.91644,finish,0,0
ip-172-31-21-20,1672515467,data.table,1.14.7,cb8aeff9453acec878e5ab8515cda0d302c943eb,groupby,G1_1e8_1e2_0_1,1672522530.9317,start,,
ip-172-31-21-20,1672515467,data.table,1.14.7,cb8aeff9453acec878e5ab8515cda0d302c943eb,groupby,G1_1e8_1e2_0_1,1672522720.20254,finish,0,0
ip-172-31-21-20,1672515467,data.table,1.14.7,cb8aeff9453acec878e5ab8515cda0d302c943eb,groupby,G1_1e8_1e2_5_0,1672522735.21787,start,,
ip-172-31-21-20,1672515467,data.table,1.14.7,cb8aeff9453acec878e5ab8515cda0d302c943eb,groupby,G1_1e8_1e2_5_0,1672522977.4007,finish,0,0
ip-172-31-21-20,1672515467,data.table,1.14.7,cb8aeff9453acec878e5ab8515cda0d302c943eb,join,J1_1e7_NA_5_0,1672522992.41609,start,,
ip-172-31-21-20,1672515467,data.table,1.14.7,cb8aeff9453acec878e5ab8515cda0d302c943eb,join,J1_1e7_NA_5_0,1672523254.87085,finish,0,0
ip-172-31-21-20,1672515467,data.table,1.14.7,cb8aeff9453acec878e5ab8515cda0d302c943eb,join,J1_1e7_NA_0_1,1672523269.88618,start,,
ip-172-31-21-20,1672515467,data.table,1.14.7,cb8aeff9453acec878e5ab8515cda0d302c943eb,join,J1_1e7_NA_0_1,1672523497.26276,finish,0,0
ip-172-31-21-20,1672515467,data.table,1.14.7,cb8aeff9453acec878e5ab8515cda0d302c943eb,join,J1_1e8_NA_0_0,1672523512.27804,start,,
ip-172-31-21-20,1672515467,data.table,1.14.7,cb8aeff9453acec878e5ab8515cda0d302c943eb,join,J1_1e8_NA_0_0,1672526919.79819,finish,0,0
ip-172-31-21-20,1672515467,data.table,1.14.7,cb8aeff9453acec878e5ab8515cda0d302c943eb,join,J1_1e8_NA_5_0,1672526934.81354,start,,
ip-172-31-21-20,1672515467,data.table,1.14.7,cb8aeff9453acec878e5ab8515cda0d302c943eb,join,J1_1e8_NA_5_0,1672530210.88557,finish,0,0
ip-172-31-21-20,1672515467,data.table,1.14.7,cb8aeff9453acec878e5ab8515cda0d302c943eb,join,J1_1e8_NA_0_1,1672530225.90086,start,,
ip-172-31-21-20,1672515467,data.table,1.14.7,cb8aeff9453acec878e5ab8515cda0d302c943eb,join,J1_1e8_NA_0_1,1672533309.82658,finish,0,0
ip-172-31-21-20,1672798661,duckdb,0.6.1,919cad22e8,groupby,G1_1e9_1e2_0_0,1672798666.30218,start,,
ip-172-31-21-20,1672798661,duckdb,0.6.1,919cad22e8,groupby,G1_1e9_1e2_0_0,1672804614.89394,finish,8,1
ip-172-31-21-20,1672798661,duckdb,0.6.1,919cad22e8,join,J1_1e9_NA_0_0,1672804629.90934,start,,
ip-172-31-21-20,1672798661,duckdb,0.6.1,919cad22e8,join,J1_1e9_NA_0_0,1672810691.0745,finish,3,137
ip-172-31-21-20,1672798661,data.table,1.14.7,cb8aeff9453acec878e5ab8515cda0d302c943eb,groupby,G1_1e9_1e2_0_0,1672810706.08976,start,,
ip-172-31-21-20,1672798661,data.table,1.14.7,cb8aeff9453acec878e5ab8515cda0d302c943eb,groupby,G1_1e9_1e2_0_0,1672813505.63112,finish,0,0
ip-172-31-21-20,1672798661,data.table,1.14.7,cb8aeff9453acec878e5ab8515cda0d302c943eb,join,J1_1e9_NA_0_0,1672813520.64631,start,,
ip-172-31-21-20,1672798661,data.table,1.14.7,cb8aeff9453acec878e5ab8515cda0d302c943eb,join,J1_1e9_NA_0_0,1672825071.91302,finish,1,137
ip-172-31-21-20,1672798661,polars,0.15.7,,groupby,G1_1e9_1e2_0_0,1672825086.92816,start,,
ip-172-31-21-20,1672798661,polars,0.15.7,,groupby,G1_1e9_1e2_0_0,1672825999.83944,finish,1,137
ip-172-31-21-20,1672798661,polars,0.15.7,,join,J1_1e9_NA_0_0,1672826014.85474,start,,
ip-172-31-21-20,1672798661,polars,0.15.7,,join,J1_1e9_NA_0_0,1672827228.43991,finish,1,137
ip-172-31-21-20,1672798661,clickhouse,22.12.1.1752,,groupby,G1_1e9_1e2_0_0,1672827243.45529,start,,
ip-172-31-21-20,1672798661,clickhouse,22.12.1.1752,,groupby,G1_1e9_1e2_0_0,1672830473.57279,finish,0,0
ip-172-31-21-20,1672798661,clickhouse,22.12.1.1752,,join,J1_1e9_NA_0_0,1672830488.58815,start,,
ip-172-31-21-20,1672798661,clickhouse,22.12.1.1752,,join,J1_1e9_NA_0_0,1672832528.19812,finish,5,1
ip-172-31-21-20,1672798661,spark,3.3.1,,groupby,G1_1e9_1e2_0_0,1672832543.21344,start,,
ip-172-31-21-20,1672798661,spark,3.3.1,,groupby,G1_1e9_1e2_0_0,1672835290.01839,finish,2,0
ip-172-31-21-20,1672798661,spark,3.3.1,,join,J1_1e9_NA_0_0,1672835305.03372,start,,
ip-172-31-21-20,1672798661,spark,3.3.1,,join,J1_1e9_NA_0_0,1672844283.25021,finish,84,1
ip-172-31-21-20,1672798661,pandas,1.5.2,8dab54d6573f7186ff0c3b6364d5e4dd635ff3e7,groupby,G1_1e9_1e2_0_0,1672844298.26525,start,,
ip-172-31-21-20,1672798661,pandas,1.5.2,8dab54d6573f7186ff0c3b6364d5e4dd635ff3e7,groupby,G1_1e9_1e2_0_0,1672845176.56117,finish,1,137
ip-172-31-21-20,1672798661,pandas,1.5.2,8dab54d6573f7186ff0c3b6364d5e4dd635ff3e7,join,J1_1e9_NA_0_0,1672845191.57646,start,,
ip-172-31-21-20,1672798661,pandas,1.5.2,8dab54d6573f7186ff0c3b6364d5e4dd635ff3e7,join,J1_1e9_NA_0_0,1672846546.38779,finish,1,137
ip-172-31-21-20,1672798661,dask,2022.11.1,c2556fb3a574feaeee5be3a8aebae7e229abe28f,groupby,G1_1e9_1e2_0_0,1672846561.40304,start,,
ip-172-31-21-20,1672798661,dask,2022.11.1,c2556fb3a574feaeee5be3a8aebae7e229abe28f,groupby,G1_1e9_1e2_0_0,1672857371.58368,finish,8369,137
ip-172-31-21-20,1672798661,dask,2022.11.1,c2556fb3a574feaeee5be3a8aebae7e229abe28f,join,J1_1e9_NA_0_0,1672857386.59897,start,,
ip-172-31-21-20,1672798661,dask,2022.11.1,c2556fb3a574feaeee5be3a8aebae7e229abe28f,join,J1_1e9_NA_0_0,1672864567.66204,finish,1,137
ip-172-31-21-20,1672969407,duckdb,0.6.1,919cad22e8,groupby,G1_1e9_1e2_0_0,1672969410.16807,start,,
ip-172-31-21-20,1672969407,duckdb,0.6.1,919cad22e8,groupby,G1_1e9_1e2_0_0,1672972056.57492,finish,8,1
ip-172-31-21-20,1673339610,duckdb,0.6.1,919cad22e8,groupby,G1_1e7_1e1_0_0,1673339613.05609,start,,
ip-172-31-21-20,1673339610,duckdb,0.6.1,919cad22e8,groupby,G1_1e7_1e1_0_0,1673339613.28442,finish,2,1
ip-172-31-21-20,1673339666,duckdb,0.6.1,919cad22e8,groupby,G1_1e7_1e1_0_0,1673339667.41909,start,,
ip-172-31-21-20,1673339666,duckdb,0.6.1,919cad22e8,groupby,G1_1e7_1e1_0_0,1673339673.02721,finish,9,1
ip-172-31-21-20,1673339762,duckdb,0.6.1,919cad22e8,groupby,G1_1e7_1e1_0_0,1673339764.18042,start,,
ip-172-31-21-20,1673339762,duckdb,0.6.1,919cad22e8,groupby,G1_1e7_1e1_0_0,1673339776.80394,finish,12,0
ip-172-31-21-20,1673339868,duckdb,0.6.1,919cad22e8,groupby,G1_1e7_1e1_0_0,1673339869.34003,start,,
ip-172-31-21-20,1673339868,duckdb,0.6.1,919cad22e8,groupby,G1_1e7_1e1_0_0,1673339880.49643,finish,5,0
ip-172-31-21-20,1673340032,duckdb,0.6.1,919cad22e8,groupby,G1_1e9_1e2_0_0,1673340033.65262,start,,
ip-172-31-21-20,1673340032,duckdb,0.6.1,919cad22e8,groupby,G1_1e9_1e2_0_0,1673341788.66442,finish,3,137
ip-172-31-21-20,1673948537,duckdb,0.6.1,919cad22e8,groupby,G1_1e9_1e2_0_0,1673948539.98729,start,,
ip-172-31-21-20,1673948537,duckdb,0.6.1,919cad22e8,groupby,G1_1e9_1e2_0_0,1673949183.94263,finish,9,1
ip-172-31-21-20,1673952140,duckdb,0.6.1,919cad22e8,groupby,G1_1e9_1e2_0_0,1673952145.14215,start,,
ip-172-31-21-20,1673952140,duckdb,0.6.1,919cad22e8,groupby,G1_1e9_1e2_0_0,1673952867.75708,finish,9,1
ip-172-31-21-20,1673955952,duckdb,0.6.1,919cad22e8,groupby,G1_1e9_1e2_0_0,1673955954.11355,start,,
ip-172-31-21-20,1673955952,duckdb,0.6.1,919cad22e8,groupby,G1_1e9_1e2_0_0,1673957292.83931,finish,5,0
ip-172-31-21-20,1673958844,duckdb,0.6.1,919cad22e8,join,J1_1e7_NA_0_0,1673958846.23084,start,,
ip-172-31-21-20,1673958844,duckdb,0.6.1,919cad22e8,join,J1_1e7_NA_0_0,1673958851.10881,finish,13,1
ip-172-31-21-20,1673959793,duckdb,0.6.1,919cad22e8,join,J1_1e7_NA_0_0,1673959794.81948,start,,
ip-172-31-21-20,1673959793,duckdb,0.6.1,919cad22e8,join,J1_1e7_NA_0_0,1673959798.29116,finish,8,1
ip-172-31-21-20,1673961038,duckdb,0.6.1,919cad22e8,join,J1_1e7_NA_0_0,1673961039.68331,start,,
ip-172-31-21-20,1673961038,duckdb,0.6.1,919cad22e8,join,J1_1e7_NA_0_0,1673961042.98899,finish,8,1
ip-172-31-21-20,1673961078,duckdb,0.6.1,919cad22e8,join,J1_1e7_NA_0_0,1673961079.53962,start,,
ip-172-31-21-20,1673961078,duckdb,0.6.1,919cad22e8,join,J1_1e7_NA_0_0,1673961082.84749,finish,9,1
ip-172-31-21-20,1673961123,duckdb,0.6.1,919cad22e8,join,J1_1e7_NA_0_0,1673961124.69386,start,,
ip-172-31-21-20,1673961123,duckdb,0.6.1,919cad22e8,join,J1_1e7_NA_0_0,1673961129.40419,finish,9,1
ip-172-31-21-20,1673961242,duckdb,0.6.1,919cad22e8,join,J1_1e7_NA_0_0,1673961243.53663,start,,
ip-172-31-21-20,1673961242,duckdb,0.6.1,919cad22e8,join,J1_1e7_NA_0_0,1673961252.24532,finish,5,0
ip-172-31-21-20,1673961322,duckdb,0.6.1,919cad22e8,join,J1_1e8_NA_0_0,1673961324.00845,start,,
ip-172-31-21-20,1673961322,duckdb,0.6.1,919cad22e8,join,J1_1e8_NA_0_0,1673961460.90663,finish,5,0
ip-172-31-21-20,1673961518,duckdb,0.6.1,919cad22e8,join,J1_1e9_NA_0_0,1673961519.42003,start,,
ip-172-31-21-20,1673961518,duckdb,0.6.1,919cad22e8,join,J1_1e9_NA_0_0,1673964581.42462,finish,8,1
ip-172-31-21-20,1676639678,duckdb,0.7.0,f7827396d7,groupby,G1_1e7_1e2_5_0,1676641244.03051,start,,
ip-172-31-21-20,1676639678,duckdb,0.7.0,f7827396d7,groupby,G1_1e7_1e2_5_0,1676641259.34774,finish,5,0
ip-172-31-21-20,1676639678,duckdb,0.7.0,f7827396d7,join,J1_1e7_NA_0_1,1676641274.36296,start,,
ip-172-31-21-20,1676639678,duckdb,0.7.0,f7827396d7,join,J1_1e7_NA_0_1,1676641291.57645,finish,5,0
ip-172-31-21-20,1676642139,duckdb,0.7.0,f7827396d7,groupby,G1_1e7_1e2_0_0,1676642140.37921,start,,
ip-172-31-21-20,1676642139,duckdb,0.7.0,f7827396d7,groupby,G1_1e7_1e2_0_0,1676642153.70295,finish,5,0
ip-172-31-21-20,1676642139,duckdb,0.7.0,f7827396d7,groupby,G1_1e8_1e2_0_0,1676642168.71828,start,,
ip-172-31-21-20,1676642139,duckdb,0.7.0,f7827396d7,groupby,G1_1e8_1e2_0_0,1676642277.66097,finish,5,0
ip-172-31-21-20,1676642139,duckdb,0.7.0,f7827396d7,groupby,G1_1e9_1e2_0_0,1676642292.67632,start,,
ip-172-31-21-20,1676642139,duckdb,0.7.0,f7827396d7,groupby,G1_1e9_1e2_0_0,1676643460.52444,finish,3,137
ip-172-31-21-20,1676642139,duckdb,0.7.0,f7827396d7,join,J1_1e7_NA_0_0,1676643475.53969,start,,
ip-172-31-21-20,1676642139,duckdb,0.7.0,f7827396d7,join,J1_1e7_NA_0_0,1676643490.6938,finish,5,0
ip-172-31-21-20,1676642139,duckdb,0.7.0,f7827396d7,join,J1_1e8_NA_0_0,1676643505.70906,start,,
ip-172-31-21-20,1676642139,duckdb,0.7.0,f7827396d7,join,J1_1e8_NA_0_0,1676643647.58781,finish,5,0
ip-172-31-21-20,1676642139,duckdb,0.7.0,f7827396d7,join,J1_1e9_NA_0_0,1676643662.60324,start,,
ip-172-31-21-20,1676642139,duckdb,0.7.0,f7827396d7,join,J1_1e9_NA_0_0,1676645325.74572,finish,3,137
ip-172-31-21-20,1679404259,duckdb,0.7.1,b00b93f0b1,groupby,G1_1e7_1e2_0_0,1679404260.9583,start,,
ip-172-31-21-20,1679404259,duckdb,0.7.1,b00b93f0b1,groupby,G1_1e7_1e2_0_0,1679404272.76134,finish,5,0
ip-172-31-21-20,1679404259,duckdb,0.7.1,b00b93f0b1,groupby,G1_1e7_1e1_0_0,1679404287.77667,start,,
ip-172-31-21-20,1679404259,duckdb,0.7.1,b00b93f0b1,groupby,G1_1e7_1e1_0_0,1679404300.48736,finish,5,0
ip-172-31-21-20,1679404259,duckdb,0.7.1,b00b93f0b1,groupby,G1_1e7_2e0_0_0,1679404315.50269,start,,
ip-172-31-21-20,1679404259,duckdb,0.7.1,b00b93f0b1,groupby,G1_1e7_2e0_0_0,1679404327.66782,finish,5,0
ip-172-31-21-20,1679404259,duckdb,0.7.1,b00b93f0b1,groupby,G1_1e7_1e2_0_1,1679404342.68323,start,,
ip-172-31-21-20,1679404259,duckdb,0.7.1,b00b93f0b1,groupby,G1_1e7_1e2_0_1,1679404354.00948,finish,5,0
ip-172-31-21-20,1679404259,duckdb,0.7.1,b00b93f0b1,groupby,G1_1e7_1e2_5_0,1679404369.02502,start,,
ip-172-31-21-20,1679404259,duckdb,0.7.1,b00b93f0b1,groupby,G1_1e7_1e2_5_0,1679404381.61233,finish,5,0
ip-172-31-21-20,1679404259,duckdb,0.7.1,b00b93f0b1,groupby,G1_1e8_1e2_0_0,1679404396.62779,start,,
ip-172-31-21-20,1679404259,duckdb,0.7.1,b00b93f0b1,groupby,G1_1e8_1e2_0_0,1679404485.97914,finish,5,0
ip-172-31-21-20,1679404259,duckdb,0.7.1,b00b93f0b1,groupby,G1_1e8_1e1_0_0,1679404500.99457,start,,
ip-172-31-21-20,1679404259,duckdb,0.7.1,b00b93f0b1,groupby,G1_1e8_1e1_0_0,1679404598.73992,finish,5,0
ip-172-31-21-20,1679404259,duckdb,0.7.1,b00b93f0b1,groupby,G1_1e8_2e0_0_0,1679404613.75522,start,,
ip-172-31-21-20,1679404259,duckdb,0.7.1,b00b93f0b1,groupby,G1_1e8_2e0_0_0,1679404715.61439,finish,5,0
ip-172-31-21-20,1679404259,duckdb,0.7.1,b00b93f0b1,groupby,G1_1e8_1e2_0_1,1679404730.62966,start,,
ip-172-31-21-20,1679404259,duckdb,0.7.1,b00b93f0b1,groupby,G1_1e8_1e2_0_1,1679404823.74841,finish,5,0
ip-172-31-21-20,1679404259,duckdb,0.7.1,b00b93f0b1,groupby,G1_1e8_1e2_5_0,1679404838.76372,start,,
ip-172-31-21-20,1679404259,duckdb,0.7.1,b00b93f0b1,groupby,G1_1e8_1e2_5_0,1679404958.12067,finish,5,0
ip-172-31-21-20,1679404259,duckdb,0.7.1,b00b93f0b1,groupby,G1_1e9_1e2_0_0,1679404973.13612,start,,
ip-172-31-21-20,1679404259,duckdb,0.7.1,b00b93f0b1,groupby,G1_1e9_1e2_0_0,1679406633.12895,finish,5,0
ip-172-31-21-20,1679404259,duckdb,0.7.1,b00b93f0b1,groupby,G1_1e9_1e1_0_0,1679406648.14445,start,,
ip-172-31-21-20,1679404259,duckdb,0.7.1,b00b93f0b1,groupby,G1_1e9_1e1_0_0,1679408581.32975,finish,5,0
ip-172-31-21-20,1679404259,duckdb,0.7.1,b00b93f0b1,join,J1_1e7_NA_0_0,1679408596.34516,start,,
ip-172-31-21-20,1679404259,duckdb,0.7.1,b00b93f0b1,join,J1_1e7_NA_0_0,1679408606.96864,finish,5,0
ip-172-31-21-20,1679404259,duckdb,0.7.1,b00b93f0b1,join,J1_1e7_NA_5_0,1679408621.98391,start,,
ip-172-31-21-20,1679404259,duckdb,0.7.1,b00b93f0b1,join,J1_1e7_NA_5_0,1679408633.13672,finish,5,0
ip-172-31-21-20,1679404259,duckdb,0.7.1,b00b93f0b1,join,J1_1e7_NA_0_1,1679408648.15211,start,,
ip-172-31-21-20,1679404259,duckdb,0.7.1,b00b93f0b1,join,J1_1e7_NA_0_1,1679408660.07561,finish,5,0
ip-172-31-21-20,1679404259,duckdb,0.7.1,b00b93f0b1,join,J1_1e8_NA_0_0,1679408675.09087,start,,
ip-172-31-21-20,1679404259,duckdb,0.7.1,b00b93f0b1,join,J1_1e8_NA_0_0,1679408785.8599,finish,5,0
ip-172-31-21-20,1679404259,duckdb,0.7.1,b00b93f0b1,join,J1_1e8_NA_5_0,1679408800.87533,start,,
ip-172-31-21-20,1679404259,duckdb,0.7.1,b00b93f0b1,join,J1_1e8_NA_5_0,1679408911.00769,finish,5,0
ip-172-31-21-20,1679404259,duckdb,0.7.1,b00b93f0b1,join,J1_1e8_NA_0_1,1679408926.02312,start,,
ip-172-31-21-20,1679404259,duckdb,0.7.1,b00b93f0b1,join,J1_1e8_NA_0_1,1679409039.87165,finish,5,0
ip-172-31-21-20,1679404259,duckdb,0.7.1,b00b93f0b1,join,J1_1e9_NA_0_0,1679409054.88699,start,,
ip-172-31-21-20,1679404259,duckdb,0.7.1,b00b93f0b1,join,J1_1e9_NA_0_0,1679411164.32385,finish,3,137
